--------------------------------------------------------
--  File created - Monday-November-12-2018   
--------------------------------------------------------
--------------------------------------------------------
--  DDL for Sequence PASSREN_ID
--------------------------------------------------------

   CREATE SEQUENCE  "PVMS_SCHEMA"."PASSREN_ID"  MINVALUE 1 MAXVALUE 999999999999999999999999999 INCREMENT BY 1 START WITH 21 CACHE 20 NOORDER  NOCYCLE ;
--------------------------------------------------------
--  DDL for Sequence PASS_ID
--------------------------------------------------------

   CREATE SEQUENCE  "PVMS_SCHEMA"."PASS_ID"  MINVALUE 1 MAXVALUE 999999999999999999999999999 INCREMENT BY 1 START WITH 81 CACHE 20 NOORDER  NOCYCLE ;
--------------------------------------------------------
--  DDL for Sequence USERSEQ
--------------------------------------------------------

   CREATE SEQUENCE  "PVMS_SCHEMA"."USERSEQ"  MINVALUE 1 MAXVALUE 999999999999999999999999999 INCREMENT BY 1 START WITH 61 CACHE 20 NOORDER  NOCYCLE ;
--------------------------------------------------------
--  DDL for Sequence VC_SEQ
--------------------------------------------------------

   CREATE SEQUENCE  "PVMS_SCHEMA"."VC_SEQ"  MINVALUE 1 MAXVALUE 10000 INCREMENT BY 1 START WITH 21 CACHE 20 NOORDER  NOCYCLE ;
--------------------------------------------------------
--  DDL for Sequence VISA_CANC
--------------------------------------------------------

   CREATE SEQUENCE  "PVMS_SCHEMA"."VISA_CANC"  MINVALUE 1 MAXVALUE 999999999999999999999999999 INCREMENT BY 1 START WITH 21 CACHE 20 NOORDER  NOCYCLE ;
--------------------------------------------------------
--  DDL for Sequence VISA_ID
--------------------------------------------------------

   CREATE SEQUENCE  "PVMS_SCHEMA"."VISA_ID"  MINVALUE 1 MAXVALUE 999999999999999999999999999 INCREMENT BY 1 START WITH 81 CACHE 20 NOORDER  NOCYCLE ;
--------------------------------------------------------
--  DDL for Table CITY
--------------------------------------------------------

  CREATE TABLE "PVMS_SCHEMA"."CITY" 
   (	"ID" VARCHAR2(30 BYTE), 
	"NAME" VARCHAR2(30 BYTE), 
	"STATE_ID" VARCHAR2(30 BYTE)
   ) PCTFREE 10 PCTUSED 40 INITRANS 1 MAXTRANS 255 NOCOMPRESS LOGGING
  STORAGE(INITIAL 65536 NEXT 1048576 MINEXTENTS 1 MAXEXTENTS 2147483645
  PCTINCREASE 0 FREELISTS 1 FREELIST GROUPS 1 BUFFER_POOL DEFAULT)
  TABLESPACE "SYSTEM" ;
--------------------------------------------------------
--  DDL for Table COUNTRY
--------------------------------------------------------

  CREATE TABLE "PVMS_SCHEMA"."COUNTRY" 
   (	"ID" VARCHAR2(30 BYTE), 
	"NAME" VARCHAR2(30 BYTE), 
	"VISA_COST" NUMBER(7,2)
   ) PCTFREE 10 PCTUSED 40 INITRANS 1 MAXTRANS 255 NOCOMPRESS LOGGING
  STORAGE(INITIAL 65536 NEXT 1048576 MINEXTENTS 1 MAXEXTENTS 2147483645
  PCTINCREASE 0 FREELISTS 1 FREELIST GROUPS 1 BUFFER_POOL DEFAULT)
  TABLESPACE "SYSTEM" ;
--------------------------------------------------------
--  DDL for Table LOGIN
--------------------------------------------------------

  CREATE TABLE "PVMS_SCHEMA"."LOGIN" 
   (	"USERNAME" VARCHAR2(30 BYTE), 
	"PASSWORD" VARCHAR2(255 BYTE)
   ) PCTFREE 10 PCTUSED 40 INITRANS 1 MAXTRANS 255 NOCOMPRESS LOGGING
  STORAGE(INITIAL 65536 NEXT 1048576 MINEXTENTS 1 MAXEXTENTS 2147483645
  PCTINCREASE 0 FREELISTS 1 FREELIST GROUPS 1 BUFFER_POOL DEFAULT)
  TABLESPACE "SYSTEM" ;
--------------------------------------------------------
--  DDL for Table PASSPORT_DETAILS
--------------------------------------------------------

  CREATE TABLE "PVMS_SCHEMA"."PASSPORT_DETAILS" 
   (	"PID" VARCHAR2(30 BYTE), 
	"COUNTRY" VARCHAR2(30 BYTE), 
	"STATE" VARCHAR2(30 BYTE), 
	"CITY" VARCHAR2(30 BYTE), 
	"PIN" NUMBER(10,0), 
	"SERVICE_TYPE" VARCHAR2(30 BYTE), 
	"BOOKLET_TYPE" VARCHAR2(2 BYTE), 
	"USERNAME" VARCHAR2(30 BYTE), 
	"ISSUE_DATE" DATE, 
	"EXPIRY_DATE" DATE DEFAULT NULL, 
	"STATUS" VARCHAR2(30 BYTE), 
	"TXN_ID" VARCHAR2(30 BYTE), 
	"PSK" VARCHAR2(30 BYTE)
   ) PCTFREE 10 PCTUSED 40 INITRANS 1 MAXTRANS 255 NOCOMPRESS LOGGING
  STORAGE(INITIAL 65536 NEXT 1048576 MINEXTENTS 1 MAXEXTENTS 2147483645
  PCTINCREASE 0 FREELISTS 1 FREELIST GROUPS 1 BUFFER_POOL DEFAULT)
  TABLESPACE "SYSTEM" ;
--------------------------------------------------------
--  DDL for Table PSK
--------------------------------------------------------

  CREATE TABLE "PVMS_SCHEMA"."PSK" 
   (	"ID" VARCHAR2(30 BYTE), 
	"NAME" VARCHAR2(30 BYTE), 
	"CITY_ID" VARCHAR2(30 BYTE)
   ) PCTFREE 10 PCTUSED 40 INITRANS 1 MAXTRANS 255 NOCOMPRESS LOGGING
  STORAGE(INITIAL 65536 NEXT 1048576 MINEXTENTS 1 MAXEXTENTS 2147483645
  PCTINCREASE 0 FREELISTS 1 FREELIST GROUPS 1 BUFFER_POOL DEFAULT)
  TABLESPACE "SYSTEM" ;
--------------------------------------------------------
--  DDL for Table QUES_ANS
--------------------------------------------------------

  CREATE TABLE "PVMS_SCHEMA"."QUES_ANS" 
   (	"USERNAME" VARCHAR2(30 BYTE), 
	"HINT_QUES" VARCHAR2(50 BYTE), 
	"HINT_ANS" VARCHAR2(50 BYTE)
   ) PCTFREE 10 PCTUSED 40 INITRANS 1 MAXTRANS 255 NOCOMPRESS LOGGING
  STORAGE(INITIAL 65536 NEXT 1048576 MINEXTENTS 1 MAXEXTENTS 2147483645
  PCTINCREASE 0 FREELISTS 1 FREELIST GROUPS 1 BUFFER_POOL DEFAULT)
  TABLESPACE "SYSTEM" ;
--------------------------------------------------------
--  DDL for Table REGISTRATION
--------------------------------------------------------

  CREATE TABLE "PVMS_SCHEMA"."REGISTRATION" 
   (	"USERNAME" VARCHAR2(30 BYTE), 
	"FIRST_NAME" VARCHAR2(30 BYTE), 
	"LAST_NAME" VARCHAR2(30 BYTE), 
	"DOB" DATE, 
	"ADDR" VARCHAR2(50 BYTE), 
	"CONTACT_NO" VARCHAR2(10 BYTE), 
	"EMAIL" VARCHAR2(30 BYTE), 
	"QUALIFICATION" VARCHAR2(30 BYTE), 
	"OCCUPATION" VARCHAR2(30 BYTE), 
	"GENDER" VARCHAR2(8 BYTE)
   ) PCTFREE 10 PCTUSED 40 INITRANS 1 MAXTRANS 255 NOCOMPRESS LOGGING
  STORAGE(INITIAL 65536 NEXT 1048576 MINEXTENTS 1 MAXEXTENTS 2147483645
  PCTINCREASE 0 FREELISTS 1 FREELIST GROUPS 1 BUFFER_POOL DEFAULT)
  TABLESPACE "SYSTEM" ;
--------------------------------------------------------
--  DDL for Table STATE
--------------------------------------------------------

  CREATE TABLE "PVMS_SCHEMA"."STATE" 
   (	"ID" VARCHAR2(30 BYTE), 
	"NAME" VARCHAR2(30 BYTE), 
	"COUNTRY_ID" VARCHAR2(30 BYTE)
   ) PCTFREE 10 PCTUSED 40 INITRANS 1 MAXTRANS 255 NOCOMPRESS LOGGING
  STORAGE(INITIAL 65536 NEXT 1048576 MINEXTENTS 1 MAXEXTENTS 2147483645
  PCTINCREASE 0 FREELISTS 1 FREELIST GROUPS 1 BUFFER_POOL DEFAULT)
  TABLESPACE "SYSTEM" ;
--------------------------------------------------------
--  DDL for Table TRANSACTION
--------------------------------------------------------

  CREATE TABLE "PVMS_SCHEMA"."TRANSACTION" 
   (	"ID" VARCHAR2(30 BYTE), 
	"AMOUNT" BINARY_DOUBLE, 
	"USERNAME" VARCHAR2(30 BYTE), 
	"TYPE" VARCHAR2(20 BYTE)
   ) PCTFREE 10 PCTUSED 40 INITRANS 1 MAXTRANS 255 NOCOMPRESS LOGGING
  STORAGE(INITIAL 65536 NEXT 1048576 MINEXTENTS 1 MAXEXTENTS 2147483645
  PCTINCREASE 0 FREELISTS 1 FREELIST GROUPS 1 BUFFER_POOL DEFAULT)
  TABLESPACE "SYSTEM" ;
--------------------------------------------------------
--  DDL for Table VISA_DETAILS
--------------------------------------------------------

  CREATE TABLE "PVMS_SCHEMA"."VISA_DETAILS" 
   (	"VID" VARCHAR2(30 BYTE), 
	"DATE_OF_ISSUE" DATE, 
	"DATE_OF_EXPIRY" DATE, 
	"COUNTRY" VARCHAR2(30 BYTE), 
	"VISA_TYPE" VARCHAR2(30 BYTE), 
	"PASS_ID" VARCHAR2(30 BYTE), 
	"STATUS" VARCHAR2(30 BYTE), 
	"USERNAME" VARCHAR2(30 BYTE), 
	"TXN_ID" VARCHAR2(30 BYTE)
   ) PCTFREE 10 PCTUSED 40 INITRANS 1 MAXTRANS 255 NOCOMPRESS LOGGING
  STORAGE(INITIAL 65536 NEXT 1048576 MINEXTENTS 1 MAXEXTENTS 2147483645
  PCTINCREASE 0 FREELISTS 1 FREELIST GROUPS 1 BUFFER_POOL DEFAULT)
  TABLESPACE "SYSTEM" ;
REM INSERTING into PVMS_SCHEMA.CITY
SET DEFINE OFF;
Insert into PVMS_SCHEMA.CITY (ID,NAME,STATE_ID) values ('CHEN','Chennai','TN');
Insert into PVMS_SCHEMA.CITY (ID,NAME,STATE_ID) values ('KOL','Kolkata','WB');
Insert into PVMS_SCHEMA.CITY (ID,NAME,STATE_ID) values ('BHO','Bhopal','MP');
Insert into PVMS_SCHEMA.CITY (ID,NAME,STATE_ID) values ('KGP','Kharagpur','WB');
Insert into PVMS_SCHEMA.CITY (ID,NAME,STATE_ID) values ('COMB','Coimbatore','TN');
Insert into PVMS_SCHEMA.CITY (ID,NAME,STATE_ID) values ('AMA','Amaravathi','AP');
Insert into PVMS_SCHEMA.CITY (ID,NAME,STATE_ID) values ('HYD','Hyderabad','TEL');
Insert into PVMS_SCHEMA.CITY (ID,NAME,STATE_ID) values ('BEN','Bengaluru','KA');
Insert into PVMS_SCHEMA.CITY (ID,NAME,STATE_ID) values ('TVP','Tiruvananthapuram','KE');
Insert into PVMS_SCHEMA.CITY (ID,NAME,STATE_ID) values ('JAM','Jammu','JK');
Insert into PVMS_SCHEMA.CITY (ID,NAME,STATE_ID) values ('BHU','Bhubaneshwar','OR');
Insert into PVMS_SCHEMA.CITY (ID,NAME,STATE_ID) values ('CND','Chandigarh','PN');
Insert into PVMS_SCHEMA.CITY (ID,NAME,STATE_ID) values ('LUC','Lucknow','UP');
Insert into PVMS_SCHEMA.CITY (ID,NAME,STATE_ID) values ('SHI','Shimla','HP');
Insert into PVMS_SCHEMA.CITY (ID,NAME,STATE_ID) values ('ITN','Itanagar','ANP');
Insert into PVMS_SCHEMA.CITY (ID,NAME,STATE_ID) values ('GAN','Gandhinagar','GU');
Insert into PVMS_SCHEMA.CITY (ID,NAME,STATE_ID) values ('JP','Jaipur','RA');
REM INSERTING into PVMS_SCHEMA.COUNTRY
SET DEFINE OFF;
Insert into PVMS_SCHEMA.COUNTRY (ID,NAME,VISA_COST) values ('BAN','Bangladesh',5000);
Insert into PVMS_SCHEMA.COUNTRY (ID,NAME,VISA_COST) values ('IND','India',0);
Insert into PVMS_SCHEMA.COUNTRY (ID,NAME,VISA_COST) values ('USA','United States of America',30000);
Insert into PVMS_SCHEMA.COUNTRY (ID,NAME,VISA_COST) values ('CNA','China',20000);
Insert into PVMS_SCHEMA.COUNTRY (ID,NAME,VISA_COST) values ('JPN','Japan',15000);
REM INSERTING into PVMS_SCHEMA.LOGIN
SET DEFINE OFF;
Insert into PVMS_SCHEMA.LOGIN (USERNAME,PASSWORD) values ('Tul-11','111@634');
Insert into PVMS_SCHEMA.LOGIN (USERNAME,PASSWORD) values ('Set-21','511$693');
Insert into PVMS_SCHEMA.LOGIN (USERNAME,PASSWORD) values ('ABC-22','611$751');
Insert into PVMS_SCHEMA.LOGIN (USERNAME,PASSWORD) values ('Set-23','611#477');
Insert into PVMS_SCHEMA.LOGIN (USERNAME,PASSWORD) values ('Set-43','811$367');
Insert into PVMS_SCHEMA.LOGIN (USERNAME,PASSWORD) values ('Set-8','2510@719');
Insert into PVMS_SCHEMA.LOGIN (USERNAME,PASSWORD) values ('Joh-9','2510$377');
Insert into PVMS_SCHEMA.LOGIN (USERNAME,PASSWORD) values ('Set-44','811$291');
Insert into PVMS_SCHEMA.LOGIN (USERNAME,PASSWORD) values ('Set-45','811@686');
Insert into PVMS_SCHEMA.LOGIN (USERNAME,PASSWORD) values ('Joh-46','811$728');
Insert into PVMS_SCHEMA.LOGIN (USERNAME,PASSWORD) values ('Set-47','811$168');
Insert into PVMS_SCHEMA.LOGIN (USERNAME,PASSWORD) values ('Set-48','811#485');
Insert into PVMS_SCHEMA.LOGIN (USERNAME,PASSWORD) values ('Deb-49','911$430');
REM INSERTING into PVMS_SCHEMA.PASSPORT_DETAILS
SET DEFINE OFF;
Insert into PVMS_SCHEMA.PASSPORT_DETAILS (PID,COUNTRY,STATE,CITY,PIN,SERVICE_TYPE,BOOKLET_TYPE,USERNAME,ISSUE_DATE,EXPIRY_DATE,STATUS,TXN_ID,PSK) values ('PASS60-21','IND','ANP','ITN',711102,'normal','30','Set-8',to_date('08-NOV-18','DD-MON-RR'),to_date('08-NOV-28','DD-MON-RR'),'Active','TXN13372025','IF');
Insert into PVMS_SCHEMA.PASSPORT_DETAILS (PID,COUNTRY,STATE,CITY,PIN,SERVICE_TYPE,BOOKLET_TYPE,USERNAME,ISSUE_DATE,EXPIRY_DATE,STATUS,TXN_ID,PSK) values ('PASS60-22','IND','TN','CHEN',123456,'normal','30','Tul-11',to_date('01-NOV-18','DD-MON-RR'),to_date('01-NOV-28','DD-MON-RR'),'Active','TXN75699166','PSK2');
Insert into PVMS_SCHEMA.PASSPORT_DETAILS (PID,COUNTRY,STATE,CITY,PIN,SERVICE_TYPE,BOOKLET_TYPE,USERNAME,ISSUE_DATE,EXPIRY_DATE,STATUS,TXN_ID,PSK) values ('PASS60-42','IND','TN','CHEN',711102,'normal','30','ABC-22',to_date('06-NOV-18','DD-MON-RR'),to_date('06-NOV-28','DD-MON-RR'),'Active','TXN55409565','PSK2');
Insert into PVMS_SCHEMA.PASSPORT_DETAILS (PID,COUNTRY,STATE,CITY,PIN,SERVICE_TYPE,BOOKLET_TYPE,USERNAME,ISSUE_DATE,EXPIRY_DATE,STATUS,TXN_ID,PSK) values ('PASS60-41','IND','WB','KOL',123456,'normal','30','Joh-9',to_date('05-NOV-18','DD-MON-RR'),to_date('05-NOV-28','DD-MON-RR'),'Active','TXN68812428','PSK1');
Insert into PVMS_SCHEMA.PASSPORT_DETAILS (PID,COUNTRY,STATE,CITY,PIN,SERVICE_TYPE,BOOKLET_TYPE,USERNAME,ISSUE_DATE,EXPIRY_DATE,STATUS,TXN_ID,PSK) values ('PASS60-43','IND','TN','CHEN',711102,'normal','30','Set-23',to_date('06-NOV-18','DD-MON-RR'),to_date('06-NOV-28','DD-MON-RR'),'Active','TXN53103680','PSK2');
Insert into PVMS_SCHEMA.PASSPORT_DETAILS (PID,COUNTRY,STATE,CITY,PIN,SERVICE_TYPE,BOOKLET_TYPE,USERNAME,ISSUE_DATE,EXPIRY_DATE,STATUS,TXN_ID,PSK) values ('PASS60-64','IND','WB','KOL',711102,'tatkal','60','Deb-49',to_date('09-NOV-18','DD-MON-RR'),to_date('09-NOV-28','DD-MON-RR'),'Active','TXN61769521','PSK1');
Insert into PVMS_SCHEMA.PASSPORT_DETAILS (PID,COUNTRY,STATE,CITY,PIN,SERVICE_TYPE,BOOKLET_TYPE,USERNAME,ISSUE_DATE,EXPIRY_DATE,STATUS,TXN_ID,PSK) values ('PASS30-62','IND','TN','CHEN',123456,'normal','30','Set-21',to_date('08-NOV-18','DD-MON-RR'),to_date('08-NOV-28','DD-MON-RR'),'Active','TXN15137272','PSK2');
Insert into PVMS_SCHEMA.PASSPORT_DETAILS (PID,COUNTRY,STATE,CITY,PIN,SERVICE_TYPE,BOOKLET_TYPE,USERNAME,ISSUE_DATE,EXPIRY_DATE,STATUS,TXN_ID,PSK) values ('PASS30-63','IND','WB','KOL',1234,'normal','30','Set-43',to_date('08-NOV-18','DD-MON-RR'),to_date('08-NOV-28','DD-MON-RR'),'Active','TXN73030527','PSK1');
REM INSERTING into PVMS_SCHEMA.PSK
SET DEFINE OFF;
Insert into PVMS_SCHEMA.PSK (ID,NAME,CITY_ID) values ('WF','WhiteField ','BEN');
Insert into PVMS_SCHEMA.PSK (ID,NAME,CITY_ID) values ('PSK1','Ruby','KOL');
Insert into PVMS_SCHEMA.PSK (ID,NAME,CITY_ID) values ('PSK2','Saligramam','CHEN');
Insert into PVMS_SCHEMA.PSK (ID,NAME,CITY_ID) values ('PSK3','Arera Hills','BHO');
Insert into PVMS_SCHEMA.PSK (ID,NAME,CITY_ID) values ('PKB','Prakasham Bhavan','AMA');
Insert into PVMS_SCHEMA.PSK (ID,NAME,CITY_ID) values ('KM','Kuthira Malika','TVP');
Insert into PVMS_SCHEMA.PSK (ID,NAME,CITY_ID) values ('DN ','Durga Nagar','JAM');
Insert into PVMS_SCHEMA.PSK (ID,NAME,CITY_ID) values ('KA','Kalinga','BHU');
Insert into PVMS_SCHEMA.PSK (ID,NAME,CITY_ID) values ('RG','Rose Garden','CND');
Insert into PVMS_SCHEMA.PSK (ID,NAME,CITY_ID) values ('BI','Bara Imambara','LUC');
Insert into PVMS_SCHEMA.PSK (ID,NAME,CITY_ID) values ('MR','Mall Road','SHI');
Insert into PVMS_SCHEMA.PSK (ID,NAME,CITY_ID) values ('IF','Ita Fort','ITN');
Insert into PVMS_SCHEMA.PSK (ID,NAME,CITY_ID) values ('SU','Sarita Udhaya','GAN');
Insert into PVMS_SCHEMA.PSK (ID,NAME,CITY_ID) values ('HM','Hawa Mahal','JP');
REM INSERTING into PVMS_SCHEMA.QUES_ANS
SET DEFINE OFF;
Insert into PVMS_SCHEMA.QUES_ANS (USERNAME,HINT_QUES,HINT_ANS) values ('Tul-11','Company Name','Cognizant');
Insert into PVMS_SCHEMA.QUES_ANS (USERNAME,HINT_QUES,HINT_ANS) values ('Set-21','fewqrfew','fdsfds');
Insert into PVMS_SCHEMA.QUES_ANS (USERNAME,HINT_QUES,HINT_ANS) values ('ABC-22','Favorite Game','The Witcher 3');
Insert into PVMS_SCHEMA.QUES_ANS (USERNAME,HINT_QUES,HINT_ANS) values ('Set-23','Favorite Game','The Witcher 3');
Insert into PVMS_SCHEMA.QUES_ANS (USERNAME,HINT_QUES,HINT_ANS) values ('Set-43','what is your name','sam');
Insert into PVMS_SCHEMA.QUES_ANS (USERNAME,HINT_QUES,HINT_ANS) values ('Set-8','Company Name','Cognizant');
Insert into PVMS_SCHEMA.QUES_ANS (USERNAME,HINT_QUES,HINT_ANS) values ('Joh-9','Company Name','Cognizant');
Insert into PVMS_SCHEMA.QUES_ANS (USERNAME,HINT_QUES,HINT_ANS) values ('Set-44','what is your name','sam');
Insert into PVMS_SCHEMA.QUES_ANS (USERNAME,HINT_QUES,HINT_ANS) values ('Set-45','Company Name','Cognizant');
Insert into PVMS_SCHEMA.QUES_ANS (USERNAME,HINT_QUES,HINT_ANS) values ('Joh-46','Company Name','Cognizant');
Insert into PVMS_SCHEMA.QUES_ANS (USERNAME,HINT_QUES,HINT_ANS) values ('Set-47','Company Name','Cognizant');
Insert into PVMS_SCHEMA.QUES_ANS (USERNAME,HINT_QUES,HINT_ANS) values ('Set-48','Company Name','Cognizant');
Insert into PVMS_SCHEMA.QUES_ANS (USERNAME,HINT_QUES,HINT_ANS) values ('Deb-49','Football Club','Barcelona');
REM INSERTING into PVMS_SCHEMA.REGISTRATION
SET DEFINE OFF;
Insert into PVMS_SCHEMA.REGISTRATION (USERNAME,FIRST_NAME,LAST_NAME,DOB,ADDR,CONTACT_NO,EMAIL,QUALIFICATION,OCCUPATION,GENDER) values ('Tul-11','Tulika','Wagadre',to_date('25-OCT-95','DD-MON-RR'),'Bhopal,MP','8516928010','wagadretulika@gmail.com','Bachelor''s Degree','Private Employee','female');
Insert into PVMS_SCHEMA.REGISTRATION (USERNAME,FIRST_NAME,LAST_NAME,DOB,ADDR,CONTACT_NO,EMAIL,QUALIFICATION,OCCUPATION,GENDER) values ('Set-21','Setanjan','Roy',to_date('19-DEC-96','DD-MON-RR'),'Teaneck, New Jersey','9038352811','setanjan123@gmail.com','bs','Private Employee','male');
Insert into PVMS_SCHEMA.REGISTRATION (USERNAME,FIRST_NAME,LAST_NAME,DOB,ADDR,CONTACT_NO,EMAIL,QUALIFICATION,OCCUPATION,GENDER) values ('ABC-22','ABCD','XDEF',to_date('19-JAN-98','DD-MON-RR'),'Howrah','8516928010','Setanjan.Roy@cognizant.com','ms','Student','male');
Insert into PVMS_SCHEMA.REGISTRATION (USERNAME,FIRST_NAME,LAST_NAME,DOB,ADDR,CONTACT_NO,EMAIL,QUALIFICATION,OCCUPATION,GENDER) values ('Set-23','Setanjan','Roy',to_date('19-JAN-96','DD-MON-RR'),'Howrah','6290068641','setanjan123@gmail.com','Bachelor''s Degree','Private Employee','male');
Insert into PVMS_SCHEMA.REGISTRATION (USERNAME,FIRST_NAME,LAST_NAME,DOB,ADDR,CONTACT_NO,EMAIL,QUALIFICATION,OCCUPATION,GENDER) values ('Set-43','Setanjan2121','s1221233saas',to_date('06-NOV-18','DD-MON-RR'),'Teaneck, New Jersey','9038352811','sadadasdda@saas.com','Bachelor''s Degree','Private Employee','other');
Insert into PVMS_SCHEMA.REGISTRATION (USERNAME,FIRST_NAME,LAST_NAME,DOB,ADDR,CONTACT_NO,EMAIL,QUALIFICATION,OCCUPATION,GENDER) values ('Set-8','Setanjan','Roy',to_date('19-JAN-96','DD-MON-RR'),'Howrah, West Bengal','9038352811','setanjan123@gmail.com','Bachelor''s Degree','Private Employee','male');
Insert into PVMS_SCHEMA.REGISTRATION (USERNAME,FIRST_NAME,LAST_NAME,DOB,ADDR,CONTACT_NO,EMAIL,QUALIFICATION,OCCUPATION,GENDER) values ('Joh-9','John','Hopkins',to_date('20-JAN-83','DD-MON-RR'),'Teaneck, New Jersey','6290068641','setanjan123@gmail.com','Master''s Degree','Self Employed','Male');
Insert into PVMS_SCHEMA.REGISTRATION (USERNAME,FIRST_NAME,LAST_NAME,DOB,ADDR,CONTACT_NO,EMAIL,QUALIFICATION,OCCUPATION,GENDER) values ('Set-44','Setanjan2121','s1221233',to_date('06-NOV-18','DD-MON-RR'),'Teaneck, New Jersey','9038352811','sadadasdda@saas.com','Bachelor''s Degree','Private Employee','other');
Insert into PVMS_SCHEMA.REGISTRATION (USERNAME,FIRST_NAME,LAST_NAME,DOB,ADDR,CONTACT_NO,EMAIL,QUALIFICATION,OCCUPATION,GENDER) values ('Set-45','Setanjan','Roy',to_date('09-JAN-96','DD-MON-RR'),'Teaneck, New Jersey','6290068641','setanjan123@gmail.com','Bachelor''s Degree','Private Employee','male');
Insert into PVMS_SCHEMA.REGISTRATION (USERNAME,FIRST_NAME,LAST_NAME,DOB,ADDR,CONTACT_NO,EMAIL,QUALIFICATION,OCCUPATION,GENDER) values ('Joh-46','John','Hopkins',to_date('19-JAN-96','DD-MON-RR'),'Teaneck, New Jersey','6290068641','setanjan123@gmail.com','Bachelor''s Degree','Private Employee','male');
Insert into PVMS_SCHEMA.REGISTRATION (USERNAME,FIRST_NAME,LAST_NAME,DOB,ADDR,CONTACT_NO,EMAIL,QUALIFICATION,OCCUPATION,GENDER) values ('Set-47','Setanjan','Roy',to_date('19-JAN-96','DD-MON-RR'),'Bhopal,MP','9038352811','wagadretulika@gmail.com','Bachelor''s Degree','Private Employee','male');
Insert into PVMS_SCHEMA.REGISTRATION (USERNAME,FIRST_NAME,LAST_NAME,DOB,ADDR,CONTACT_NO,EMAIL,QUALIFICATION,OCCUPATION,GENDER) values ('Set-48','Setanjan','Roy',to_date('19-JAN-96','DD-MON-RR'),'Teaneck, New Jersey','9038352811','setanjan123@gmail.com','Bachelor''s Degree','Private Employee','male');
Insert into PVMS_SCHEMA.REGISTRATION (USERNAME,FIRST_NAME,LAST_NAME,DOB,ADDR,CONTACT_NO,EMAIL,QUALIFICATION,OCCUPATION,GENDER) values ('Deb-49','Debayan','Chatterjee',to_date('16-AUG-96','DD-MON-RR'),'Kolkata','9874686657','debayan8@gmail.com','Bachelor''s Degree','Private Employee','male');
REM INSERTING into PVMS_SCHEMA.STATE
SET DEFINE OFF;
Insert into PVMS_SCHEMA.STATE (ID,NAME,COUNTRY_ID) values ('AP','Andhra Pradesh','IND');
Insert into PVMS_SCHEMA.STATE (ID,NAME,COUNTRY_ID) values ('WB','West Bengal','IND');
Insert into PVMS_SCHEMA.STATE (ID,NAME,COUNTRY_ID) values ('TN','Tamil Nadu','IND');
Insert into PVMS_SCHEMA.STATE (ID,NAME,COUNTRY_ID) values ('MP','Madhya Pradesh','IND');
Insert into PVMS_SCHEMA.STATE (ID,NAME,COUNTRY_ID) values ('TEL','Telangana','IND');
Insert into PVMS_SCHEMA.STATE (ID,NAME,COUNTRY_ID) values ('KA','Karnataka','IND');
Insert into PVMS_SCHEMA.STATE (ID,NAME,COUNTRY_ID) values ('KE','Kerala','IND');
Insert into PVMS_SCHEMA.STATE (ID,NAME,COUNTRY_ID) values ('JK','Jammu Kashmir','IND');
Insert into PVMS_SCHEMA.STATE (ID,NAME,COUNTRY_ID) values ('OR','Orissa','IND');
Insert into PVMS_SCHEMA.STATE (ID,NAME,COUNTRY_ID) values ('PN','Punjab','IND');
Insert into PVMS_SCHEMA.STATE (ID,NAME,COUNTRY_ID) values ('UP','Uttar Pradesh','IND');
Insert into PVMS_SCHEMA.STATE (ID,NAME,COUNTRY_ID) values ('HP','Himachal Pradesh','IND');
Insert into PVMS_SCHEMA.STATE (ID,NAME,COUNTRY_ID) values ('ANP','Arunachal Pradesh','IND');
Insert into PVMS_SCHEMA.STATE (ID,NAME,COUNTRY_ID) values ('GU','Gujarat','IND');
Insert into PVMS_SCHEMA.STATE (ID,NAME,COUNTRY_ID) values ('RA','Rajasthan','IND');
REM INSERTING into PVMS_SCHEMA.TRANSACTION
SET DEFINE OFF;
Insert into PVMS_SCHEMA.TRANSACTION (ID,AMOUNT,USERNAME,TYPE) values ('TXN16699769','30000.0','Set-8','Apply Visa');
Insert into PVMS_SCHEMA.TRANSACTION (ID,AMOUNT,USERNAME,TYPE) values ('TXN77308088','2000.0','Set-8','Passport Renewal');
Insert into PVMS_SCHEMA.TRANSACTION (ID,AMOUNT,USERNAME,TYPE) values ('TXN81755089','30000.0','Set-8','Apply Visa');
Insert into PVMS_SCHEMA.TRANSACTION (ID,AMOUNT,USERNAME,TYPE) values ('TXN3.601657749619436E7','200.0','Set-8','Cancel Visa');
Insert into PVMS_SCHEMA.TRANSACTION (ID,AMOUNT,USERNAME,TYPE) values ('TXN56515794','1500.0','Set-8','Apply Passport');
Insert into PVMS_SCHEMA.TRANSACTION (ID,AMOUNT,USERNAME,TYPE) values ('TXN57085291','30000.0','Set-8','Apply Visa');
Insert into PVMS_SCHEMA.TRANSACTION (ID,AMOUNT,USERNAME,TYPE) values ('TXN3.949863310825883E7','200.0','Set-8','Cancel Visa');
Insert into PVMS_SCHEMA.TRANSACTION (ID,AMOUNT,USERNAME,TYPE) values ('TXN53441691','20000.0','Set-8','Apply Visa');
Insert into PVMS_SCHEMA.TRANSACTION (ID,AMOUNT,USERNAME,TYPE) values ('TXN5.919637107896983E7','200.0','Set-8','Cancel Visa');
Insert into PVMS_SCHEMA.TRANSACTION (ID,AMOUNT,USERNAME,TYPE) values ('TXN90087145','1500.0','Tul-11','Apply Passport');
Insert into PVMS_SCHEMA.TRANSACTION (ID,AMOUNT,USERNAME,TYPE) values ('TXN49797119','2000.0','Tul-11','Passport Renewal');
Insert into PVMS_SCHEMA.TRANSACTION (ID,AMOUNT,USERNAME,TYPE) values ('TXN75699166','2000.0','Tul-11','Passport Renewal');
Insert into PVMS_SCHEMA.TRANSACTION (ID,AMOUNT,USERNAME,TYPE) values ('TXN87386419','15000.0','Tul-11','Apply Visa');
Insert into PVMS_SCHEMA.TRANSACTION (ID,AMOUNT,USERNAME,TYPE) values ('TXN5.231033205532226E7','200.0','Tul-11','Cancel Visa');
Insert into PVMS_SCHEMA.TRANSACTION (ID,AMOUNT,USERNAME,TYPE) values ('TXN45529765','2000.0','Set-8','Passport Renewal');
Insert into PVMS_SCHEMA.TRANSACTION (ID,AMOUNT,USERNAME,TYPE) values ('TXN37929106','7000.0','Set-8','Apply Visa');
Insert into PVMS_SCHEMA.TRANSACTION (ID,AMOUNT,USERNAME,TYPE) values ('TXN25093204','2000.0','Set-8','Passport Renewal');
Insert into PVMS_SCHEMA.TRANSACTION (ID,AMOUNT,USERNAME,TYPE) values ('TXN45768895','30000.0','Set-8','Apply Visa');
Insert into PVMS_SCHEMA.TRANSACTION (ID,AMOUNT,USERNAME,TYPE) values ('TXN56115891','30000.0','Set-8','Apply Visa');
Insert into PVMS_SCHEMA.TRANSACTION (ID,AMOUNT,USERNAME,TYPE) values ('TXN1.0553657866860688E7','150.0','Set-8','Cancel Visa');
Insert into PVMS_SCHEMA.TRANSACTION (ID,AMOUNT,USERNAME,TYPE) values ('TXN2.4505023912603073E7','200.0','Set-8','Cancel Visa');
Insert into PVMS_SCHEMA.TRANSACTION (ID,AMOUNT,USERNAME,TYPE) values ('TXN92797704','6000.0','Set-8','Apply Visa');
Insert into PVMS_SCHEMA.TRANSACTION (ID,AMOUNT,USERNAME,TYPE) values ('TXN42854111','1500.0','Joh-9','Apply Passport');
Insert into PVMS_SCHEMA.TRANSACTION (ID,AMOUNT,USERNAME,TYPE) values ('TXN27222900','30000.0','Joh-9','Apply Visa');
Insert into PVMS_SCHEMA.TRANSACTION (ID,AMOUNT,USERNAME,TYPE) values ('TXN9.719101415302877E7','150.0','Set-8','Cancel Visa');
Insert into PVMS_SCHEMA.TRANSACTION (ID,AMOUNT,USERNAME,TYPE) values ('TXN99198009','50000.0','Set-8','Apply Visa');
Insert into PVMS_SCHEMA.TRANSACTION (ID,AMOUNT,USERNAME,TYPE) values ('TXN2.1981462295085892E7','200.0','Set-8','Cancel Visa');
Insert into PVMS_SCHEMA.TRANSACTION (ID,AMOUNT,USERNAME,TYPE) values ('TXN25866364','60000.0','Set-8','Apply Visa');
Insert into PVMS_SCHEMA.TRANSACTION (ID,AMOUNT,USERNAME,TYPE) values ('TXN98018846','2000.0','Set-8','Passport Renewal');
Insert into PVMS_SCHEMA.TRANSACTION (ID,AMOUNT,USERNAME,TYPE) values ('TXN37219765','25000.0','Set-8','Apply Visa');
Insert into PVMS_SCHEMA.TRANSACTION (ID,AMOUNT,USERNAME,TYPE) values ('TXN49601570','30000.0','Set-8','Apply Visa');
Insert into PVMS_SCHEMA.TRANSACTION (ID,AMOUNT,USERNAME,TYPE) values ('TXN2.9202627187039793E7','150.0','Set-8','Cancel Visa');
Insert into PVMS_SCHEMA.TRANSACTION (ID,AMOUNT,USERNAME,TYPE) values ('TXN28569660','45000.0','Set-8','Apply Visa');
Insert into PVMS_SCHEMA.TRANSACTION (ID,AMOUNT,USERNAME,TYPE) values ('TXN68419712','35000.0','Set-8','Apply Visa');
Insert into PVMS_SCHEMA.TRANSACTION (ID,AMOUNT,USERNAME,TYPE) values ('TXN71891208','40000.0','Set-8','Apply Visa');
Insert into PVMS_SCHEMA.TRANSACTION (ID,AMOUNT,USERNAME,TYPE) values ('TXN9.972278251271002E7','150.0','Set-8','Cancel Visa');
Insert into PVMS_SCHEMA.TRANSACTION (ID,AMOUNT,USERNAME,TYPE) values ('TXN68812428','1500.0','Joh-9','Apply Passport');
Insert into PVMS_SCHEMA.TRANSACTION (ID,AMOUNT,USERNAME,TYPE) values ('TXN88928787','2000.0','Set-8','Passport Renewal');
Insert into PVMS_SCHEMA.TRANSACTION (ID,AMOUNT,USERNAME,TYPE) values ('TXN4.505595122785504E7','150.0','Set-8','Cancel Visa');
Insert into PVMS_SCHEMA.TRANSACTION (ID,AMOUNT,USERNAME,TYPE) values ('TXN6.5346309800252564E7','200.0','Set-8','Cancel Visa');
Insert into PVMS_SCHEMA.TRANSACTION (ID,AMOUNT,USERNAME,TYPE) values ('TXN71023015','50000.0','Set-8','Apply Visa');
Insert into PVMS_SCHEMA.TRANSACTION (ID,AMOUNT,USERNAME,TYPE) values ('TXN21022003','1500.0','ABC-22','Apply Passport');
Insert into PVMS_SCHEMA.TRANSACTION (ID,AMOUNT,USERNAME,TYPE) values ('TXN74606450','50000.0','ABC-22','Apply Visa');
Insert into PVMS_SCHEMA.TRANSACTION (ID,AMOUNT,USERNAME,TYPE) values ('TXN55409565','2000.0','ABC-22','Passport Renewal');
Insert into PVMS_SCHEMA.TRANSACTION (ID,AMOUNT,USERNAME,TYPE) values ('TXN1.124510953881907E7','150.0','ABC-22','Cancel Visa');
Insert into PVMS_SCHEMA.TRANSACTION (ID,AMOUNT,USERNAME,TYPE) values ('TXN40442031','1500.0','Set-23','Apply Passport');
Insert into PVMS_SCHEMA.TRANSACTION (ID,AMOUNT,USERNAME,TYPE) values ('TXN18248249','35000.0','Set-23','Apply Visa');
Insert into PVMS_SCHEMA.TRANSACTION (ID,AMOUNT,USERNAME,TYPE) values ('TXN53103680','2000.0','Set-23','Passport Renewal');
Insert into PVMS_SCHEMA.TRANSACTION (ID,AMOUNT,USERNAME,TYPE) values ('TXN9.348690915628627E7','200.0','Set-23','Cancel Visa');
Insert into PVMS_SCHEMA.TRANSACTION (ID,AMOUNT,USERNAME,TYPE) values ('TXN6.817680350535446E7','200.0','Set-8','Cancel Visa');
Insert into PVMS_SCHEMA.TRANSACTION (ID,AMOUNT,USERNAME,TYPE) values ('TXN44411702','60000.0','Set-8','Apply Visa');
Insert into PVMS_SCHEMA.TRANSACTION (ID,AMOUNT,USERNAME,TYPE) values ('TXN9.141820643429483E7','200.0','Set-8','Cancel Visa');
Insert into PVMS_SCHEMA.TRANSACTION (ID,AMOUNT,USERNAME,TYPE) values ('TXN48763433','2000.0','Set-8','Passport Renewal');
Insert into PVMS_SCHEMA.TRANSACTION (ID,AMOUNT,USERNAME,TYPE) values ('TXN81825361','30000.0','Set-8','Apply Visa');
Insert into PVMS_SCHEMA.TRANSACTION (ID,AMOUNT,USERNAME,TYPE) values ('TXN2.6453856406697743E7','200.0','Set-8','Cancel Visa');
Insert into PVMS_SCHEMA.TRANSACTION (ID,AMOUNT,USERNAME,TYPE) values ('TXN31108387','1500.0','Set-21','Apply Passport');
Insert into PVMS_SCHEMA.TRANSACTION (ID,AMOUNT,USERNAME,TYPE) values ('TXN15137272','1500.0','Set-21','Apply Passport');
Insert into PVMS_SCHEMA.TRANSACTION (ID,AMOUNT,USERNAME,TYPE) values ('TXN39736031','1500.0','Set-43','Apply Passport');
Insert into PVMS_SCHEMA.TRANSACTION (ID,AMOUNT,USERNAME,TYPE) values ('TXN72324505','15000.0','Set-43','Apply Visa');
Insert into PVMS_SCHEMA.TRANSACTION (ID,AMOUNT,USERNAME,TYPE) values ('TXN2.067865402804171E7','150.0','Set-43','Cancel Visa');
Insert into PVMS_SCHEMA.TRANSACTION (ID,AMOUNT,USERNAME,TYPE) values ('TXN73030527','2000.0','Set-43','Passport Renewal');
Insert into PVMS_SCHEMA.TRANSACTION (ID,AMOUNT,USERNAME,TYPE) values ('TXN96403503','2000.0','Set-8','Passport Renewal');
Insert into PVMS_SCHEMA.TRANSACTION (ID,AMOUNT,USERNAME,TYPE) values ('TXN13372025','2000.0','Set-8','Passport Renewal');
Insert into PVMS_SCHEMA.TRANSACTION (ID,AMOUNT,USERNAME,TYPE) values ('TXN77409693','60000.0','Set-8','Apply Visa');
Insert into PVMS_SCHEMA.TRANSACTION (ID,AMOUNT,USERNAME,TYPE) values ('TXN1.0749449372037105E7','200.0','Set-8','Cancel Visa');
Insert into PVMS_SCHEMA.TRANSACTION (ID,AMOUNT,USERNAME,TYPE) values ('TXN13466667','35000.0','Set-8','Apply Visa');
Insert into PVMS_SCHEMA.TRANSACTION (ID,AMOUNT,USERNAME,TYPE) values ('TXN94865629','35000.0','Set-8','Apply Visa');
Insert into PVMS_SCHEMA.TRANSACTION (ID,AMOUNT,USERNAME,TYPE) values ('TXN1.4122330878183542E7','200.0','Set-8','Cancel Visa');
Insert into PVMS_SCHEMA.TRANSACTION (ID,AMOUNT,USERNAME,TYPE) values ('TXN61769521','2000.0','Deb-49','Apply Passport');
Insert into PVMS_SCHEMA.TRANSACTION (ID,AMOUNT,USERNAME,TYPE) values ('TXN63368580','25000.0','Deb-49','Apply Visa');
Insert into PVMS_SCHEMA.TRANSACTION (ID,AMOUNT,USERNAME,TYPE) values ('TXN73158744','60000.0','Deb-49','Apply Visa');
Insert into PVMS_SCHEMA.TRANSACTION (ID,AMOUNT,USERNAME,TYPE) values ('TXN7.432600255729356E7','150.0','Deb-49','Cancel Visa');
Insert into PVMS_SCHEMA.TRANSACTION (ID,AMOUNT,USERNAME,TYPE) values ('TXN5.206318086113207E7','200.0','Set-8','Cancel Visa');
Insert into PVMS_SCHEMA.TRANSACTION (ID,AMOUNT,USERNAME,TYPE) values ('TXN61949103','40000.0','Set-8','Apply Visa');
REM INSERTING into PVMS_SCHEMA.VISA_DETAILS
SET DEFINE OFF;
Insert into PVMS_SCHEMA.VISA_DETAILS (VID,DATE_OF_ISSUE,DATE_OF_EXPIRY,COUNTRY,VISA_TYPE,PASS_ID,STATUS,USERNAME,TXN_ID) values ('VISA-21',to_date('11-NOV-18','DD-MON-RR'),to_date('11-NOV-21','DD-MON-RR'),'USA','Work','PASS60-21','cancelled','Set-8','TXN16699769');
Insert into PVMS_SCHEMA.VISA_DETAILS (VID,DATE_OF_ISSUE,DATE_OF_EXPIRY,COUNTRY,VISA_TYPE,PASS_ID,STATUS,USERNAME,TXN_ID) values ('VISA-22',to_date('11-NOV-18','DD-MON-RR'),to_date('11-NOV-21','DD-MON-RR'),'USA','Work','PASS60-21','cancelled','Set-8','TXN81755089');
Insert into PVMS_SCHEMA.VISA_DETAILS (VID,DATE_OF_ISSUE,DATE_OF_EXPIRY,COUNTRY,VISA_TYPE,PASS_ID,STATUS,USERNAME,TXN_ID) values ('VISA-23',to_date('11-NOV-18','DD-MON-RR'),to_date('11-NOV-21','DD-MON-RR'),'CNA','Work','PASS60-21','cancelled','Set-8','TXN53441691');
Insert into PVMS_SCHEMA.VISA_DETAILS (VID,DATE_OF_ISSUE,DATE_OF_EXPIRY,COUNTRY,VISA_TYPE,PASS_ID,STATUS,USERNAME,TXN_ID) values ('VISA-24',to_date('11-NOV-18','DD-MON-RR'),to_date('11-NOV-21','DD-MON-RR'),'JPN','Work','PASS60-22','cancelled','Tul-11','TXN87386419');
Insert into PVMS_SCHEMA.VISA_DETAILS (VID,DATE_OF_ISSUE,DATE_OF_EXPIRY,COUNTRY,VISA_TYPE,PASS_ID,STATUS,USERNAME,TXN_ID) values ('VISA-25',to_date('12-NOV-18','DD-MON-RR'),to_date('12-MAY-19','DD-MON-RR'),'CNA','Tourist','PASS60-21','cancelled','Set-8','TXN37929106');
Insert into PVMS_SCHEMA.VISA_DETAILS (VID,DATE_OF_ISSUE,DATE_OF_EXPIRY,COUNTRY,VISA_TYPE,PASS_ID,STATUS,USERNAME,TXN_ID) values ('VISA-26',to_date('12-NOV-18','DD-MON-RR'),to_date('12-NOV-21','DD-MON-RR'),'USA','Work','PASS60-21','cancelled','Set-8','TXN56115891');
Insert into PVMS_SCHEMA.VISA_DETAILS (VID,DATE_OF_ISSUE,DATE_OF_EXPIRY,COUNTRY,VISA_TYPE,PASS_ID,STATUS,USERNAME,TXN_ID) values ('VISA-27',to_date('12-NOV-18','DD-MON-RR'),to_date('12-MAY-19','DD-MON-RR'),'JPN','Tourist','PASS60-21','cancelled','Set-8','TXN92797704');
Insert into PVMS_SCHEMA.VISA_DETAILS (VID,DATE_OF_ISSUE,DATE_OF_EXPIRY,COUNTRY,VISA_TYPE,PASS_ID,STATUS,USERNAME,TXN_ID) values ('VISA-43',to_date('13-NOV-18','DD-MON-RR'),to_date('13-MAY-19','DD-MON-RR'),'JPN','Tourist','PASS60-21','cancelled','Set-8','TXN37219765');
Insert into PVMS_SCHEMA.VISA_DETAILS (VID,DATE_OF_ISSUE,DATE_OF_EXPIRY,COUNTRY,VISA_TYPE,PASS_ID,STATUS,USERNAME,TXN_ID) values ('VISA-41',to_date('13-NOV-18','DD-MON-RR'),to_date('13-NOV-21','DD-MON-RR'),'CNA','Work','PASS60-21','cancelled','Set-8','TXN99198009');
Insert into PVMS_SCHEMA.VISA_DETAILS (VID,DATE_OF_ISSUE,DATE_OF_EXPIRY,COUNTRY,VISA_TYPE,PASS_ID,STATUS,USERNAME,TXN_ID) values ('VISA-42',to_date('13-NOV-18','DD-MON-RR'),to_date('13-NOV-21','DD-MON-RR'),'USA','Work','PASS60-21','cancelled','Set-8','TXN25866364');
Insert into PVMS_SCHEMA.VISA_DETAILS (VID,DATE_OF_ISSUE,DATE_OF_EXPIRY,COUNTRY,VISA_TYPE,PASS_ID,STATUS,USERNAME,TXN_ID) values ('VISA-44',to_date('13-NOV-18','DD-MON-RR'),to_date('13-MAY-19','DD-MON-RR'),'CNA','Tourist','PASS60-21','cancelled','Set-8','TXN49601570');
Insert into PVMS_SCHEMA.VISA_DETAILS (VID,DATE_OF_ISSUE,DATE_OF_EXPIRY,COUNTRY,VISA_TYPE,PASS_ID,STATUS,USERNAME,TXN_ID) values ('VISA-45',to_date('13-NOV-18','DD-MON-RR'),to_date('13-NOV-21','DD-MON-RR'),'JPN','Work','PASS60-21','cancelled','Set-8','TXN28569660');
Insert into PVMS_SCHEMA.VISA_DETAILS (VID,DATE_OF_ISSUE,DATE_OF_EXPIRY,COUNTRY,VISA_TYPE,PASS_ID,STATUS,USERNAME,TXN_ID) values ('VISA-46',to_date('13-NOV-18','DD-MON-RR'),to_date('13-NOV-21','DD-MON-RR'),'BAN','Work','PASS60-21','cancelled','Set-8','TXN68419712');
Insert into PVMS_SCHEMA.VISA_DETAILS (VID,DATE_OF_ISSUE,DATE_OF_EXPIRY,COUNTRY,VISA_TYPE,PASS_ID,STATUS,USERNAME,TXN_ID) values ('VISA-47',to_date('15-NOV-18','DD-MON-RR'),to_date('15-MAY-19','DD-MON-RR'),'USA','Tourist','PASS60-21','cancelled','Set-8','TXN71891208');
Insert into PVMS_SCHEMA.VISA_DETAILS (VID,DATE_OF_ISSUE,DATE_OF_EXPIRY,COUNTRY,VISA_TYPE,PASS_ID,STATUS,USERNAME,TXN_ID) values ('VISA-48',to_date('15-NOV-18','DD-MON-RR'),to_date('15-NOV-20','DD-MON-RR'),'USA','Student','PASS60-21','cancelled','Set-8','TXN71023015');
Insert into PVMS_SCHEMA.VISA_DETAILS (VID,DATE_OF_ISSUE,DATE_OF_EXPIRY,COUNTRY,VISA_TYPE,PASS_ID,STATUS,USERNAME,TXN_ID) values ('VISA-49',to_date('16-NOV-18','DD-MON-RR'),to_date('16-NOV-20','DD-MON-RR'),'USA','Student','PASS60-42','cancelled','ABC-22','TXN74606450');
Insert into PVMS_SCHEMA.VISA_DETAILS (VID,DATE_OF_ISSUE,DATE_OF_EXPIRY,COUNTRY,VISA_TYPE,PASS_ID,STATUS,USERNAME,TXN_ID) values ('VISA-50',to_date('16-NOV-18','DD-MON-RR'),to_date('16-NOV-21','DD-MON-RR'),'BAN','Work','PASS60-43','cancelled','Set-23','TXN18248249');
Insert into PVMS_SCHEMA.VISA_DETAILS (VID,DATE_OF_ISSUE,DATE_OF_EXPIRY,COUNTRY,VISA_TYPE,PASS_ID,STATUS,USERNAME,TXN_ID) values ('VISA-51',to_date('16-NOV-18','DD-MON-RR'),to_date('16-NOV-21','DD-MON-RR'),'USA','Work','PASS60-21','cancelled','Set-8','TXN44411702');
Insert into PVMS_SCHEMA.VISA_DETAILS (VID,DATE_OF_ISSUE,DATE_OF_EXPIRY,COUNTRY,VISA_TYPE,PASS_ID,STATUS,USERNAME,TXN_ID) values ('VISA-61',to_date('18-NOV-18','DD-MON-RR'),to_date('18-MAY-19','DD-MON-RR'),'CNA','Tourist','PASS60-21','Active','Set-8','TXN81825361');
Insert into PVMS_SCHEMA.VISA_DETAILS (VID,DATE_OF_ISSUE,DATE_OF_EXPIRY,COUNTRY,VISA_TYPE,PASS_ID,STATUS,USERNAME,TXN_ID) values ('VISA-62',to_date('18-NOV-18','DD-MON-RR'),to_date('18-MAY-19','DD-MON-RR'),'BAN','Tourist','PASS30-63','cancelled','Set-43','TXN72324505');
Insert into PVMS_SCHEMA.VISA_DETAILS (VID,DATE_OF_ISSUE,DATE_OF_EXPIRY,COUNTRY,VISA_TYPE,PASS_ID,STATUS,USERNAME,TXN_ID) values ('VISA-63',to_date('18-NOV-18','DD-MON-RR'),to_date('18-NOV-21','DD-MON-RR'),'USA','Work','PASS60-21','cancelled','Set-8','TXN77409693');
Insert into PVMS_SCHEMA.VISA_DETAILS (VID,DATE_OF_ISSUE,DATE_OF_EXPIRY,COUNTRY,VISA_TYPE,PASS_ID,STATUS,USERNAME,TXN_ID) values ('VISA-64',to_date('19-NOV-18','DD-MON-RR'),to_date('19-NOV-21','DD-MON-RR'),'BAN','Work','PASS60-21','Active','Set-8','TXN13466667');
Insert into PVMS_SCHEMA.VISA_DETAILS (VID,DATE_OF_ISSUE,DATE_OF_EXPIRY,COUNTRY,VISA_TYPE,PASS_ID,STATUS,USERNAME,TXN_ID) values ('VISA-65',to_date('19-NOV-18','DD-MON-RR'),to_date('19-NOV-21','DD-MON-RR'),'BAN','Work','PASS60-21','cancelled','Set-8','TXN94865629');
Insert into PVMS_SCHEMA.VISA_DETAILS (VID,DATE_OF_ISSUE,DATE_OF_EXPIRY,COUNTRY,VISA_TYPE,PASS_ID,STATUS,USERNAME,TXN_ID) values ('VISA-66',to_date('19-NOV-18','DD-MON-RR'),to_date('19-MAY-19','DD-MON-RR'),'JPN','Tourist','PASS60-64','cancelled','Deb-49','TXN63368580');
Insert into PVMS_SCHEMA.VISA_DETAILS (VID,DATE_OF_ISSUE,DATE_OF_EXPIRY,COUNTRY,VISA_TYPE,PASS_ID,STATUS,USERNAME,TXN_ID) values ('VISA-67',to_date('19-NOV-18','DD-MON-RR'),to_date('19-NOV-21','DD-MON-RR'),'USA','Work','PASS60-64','Active','Deb-49','TXN73158744');
Insert into PVMS_SCHEMA.VISA_DETAILS (VID,DATE_OF_ISSUE,DATE_OF_EXPIRY,COUNTRY,VISA_TYPE,PASS_ID,STATUS,USERNAME,TXN_ID) values ('VISA-68',to_date('19-NOV-18','DD-MON-RR'),to_date('19-MAY-19','DD-MON-RR'),'USA','Tourist','PASS60-21','Active','Set-8','TXN61949103');
--------------------------------------------------------
--  DDL for Index CTY
--------------------------------------------------------

  CREATE INDEX "PVMS_SCHEMA"."CTY" ON "PVMS_SCHEMA"."PASSPORT_DETAILS" ("CITY") 
  PCTFREE 10 INITRANS 2 MAXTRANS 255 COMPUTE STATISTICS 
  STORAGE(INITIAL 65536 NEXT 1048576 MINEXTENTS 1 MAXEXTENTS 2147483645
  PCTINCREASE 0 FREELISTS 1 FREELIST GROUPS 1 BUFFER_POOL DEFAULT)
  TABLESPACE "SYSTEM" ;
--------------------------------------------------------
--  DDL for Index ST
--------------------------------------------------------

  CREATE INDEX "PVMS_SCHEMA"."ST" ON "PVMS_SCHEMA"."PASSPORT_DETAILS" ("STATE") 
  PCTFREE 10 INITRANS 2 MAXTRANS 255 COMPUTE STATISTICS 
  STORAGE(INITIAL 65536 NEXT 1048576 MINEXTENTS 1 MAXEXTENTS 2147483645
  PCTINCREASE 0 FREELISTS 1 FREELIST GROUPS 1 BUFFER_POOL DEFAULT)
  TABLESPACE "SYSTEM" ;
--------------------------------------------------------
--  DDL for Index COUNTRY_ID
--------------------------------------------------------

  CREATE INDEX "PVMS_SCHEMA"."COUNTRY_ID" ON "PVMS_SCHEMA"."STATE" ("COUNTRY_ID") 
  PCTFREE 10 INITRANS 2 MAXTRANS 255 COMPUTE STATISTICS 
  STORAGE(INITIAL 65536 NEXT 1048576 MINEXTENTS 1 MAXEXTENTS 2147483645
  PCTINCREASE 0 FREELISTS 1 FREELIST GROUPS 1 BUFFER_POOL DEFAULT)
  TABLESPACE "SYSTEM" ;
--------------------------------------------------------
--  DDL for Index STATE_ID
--------------------------------------------------------

  CREATE INDEX "PVMS_SCHEMA"."STATE_ID" ON "PVMS_SCHEMA"."CITY" ("STATE_ID") 
  PCTFREE 10 INITRANS 2 MAXTRANS 255 COMPUTE STATISTICS 
  STORAGE(INITIAL 65536 NEXT 1048576 MINEXTENTS 1 MAXEXTENTS 2147483645
  PCTINCREASE 0 FREELISTS 1 FREELIST GROUPS 1 BUFFER_POOL DEFAULT)
  TABLESPACE "SYSTEM" ;
--------------------------------------------------------
--  DDL for Index CTRY
--------------------------------------------------------

  CREATE INDEX "PVMS_SCHEMA"."CTRY" ON "PVMS_SCHEMA"."PASSPORT_DETAILS" ("COUNTRY") 
  PCTFREE 10 INITRANS 2 MAXTRANS 255 COMPUTE STATISTICS 
  STORAGE(INITIAL 65536 NEXT 1048576 MINEXTENTS 1 MAXEXTENTS 2147483645
  PCTINCREASE 0 FREELISTS 1 FREELIST GROUPS 1 BUFFER_POOL DEFAULT)
  TABLESPACE "SYSTEM" ;
--------------------------------------------------------
--  DDL for Index PASS_ID
--------------------------------------------------------

  CREATE INDEX "PVMS_SCHEMA"."PASS_ID" ON "PVMS_SCHEMA"."VISA_DETAILS" ("PASS_ID") 
  PCTFREE 10 INITRANS 2 MAXTRANS 255 COMPUTE STATISTICS 
  STORAGE(INITIAL 65536 NEXT 1048576 MINEXTENTS 1 MAXEXTENTS 2147483645
  PCTINCREASE 0 FREELISTS 1 FREELIST GROUPS 1 BUFFER_POOL DEFAULT)
  TABLESPACE "SYSTEM" ;
--------------------------------------------------------
--  Constraints for Table CITY
--------------------------------------------------------

  ALTER TABLE "PVMS_SCHEMA"."CITY" MODIFY ("ID" NOT NULL ENABLE);
 
  ALTER TABLE "PVMS_SCHEMA"."CITY" MODIFY ("NAME" NOT NULL ENABLE);
 
  ALTER TABLE "PVMS_SCHEMA"."CITY" MODIFY ("STATE_ID" NOT NULL ENABLE);
 
  ALTER TABLE "PVMS_SCHEMA"."CITY" ADD PRIMARY KEY ("ID")
  USING INDEX PCTFREE 10 INITRANS 2 MAXTRANS 255 COMPUTE STATISTICS 
  STORAGE(INITIAL 65536 NEXT 1048576 MINEXTENTS 1 MAXEXTENTS 2147483645
  PCTINCREASE 0 FREELISTS 1 FREELIST GROUPS 1 BUFFER_POOL DEFAULT)
  TABLESPACE "SYSTEM"  ENABLE;
--------------------------------------------------------
--  Constraints for Table PSK
--------------------------------------------------------

  ALTER TABLE "PVMS_SCHEMA"."PSK" MODIFY ("NAME" NOT NULL ENABLE);
 
  ALTER TABLE "PVMS_SCHEMA"."PSK" MODIFY ("CITY_ID" NOT NULL ENABLE);
 
  ALTER TABLE "PVMS_SCHEMA"."PSK" ADD PRIMARY KEY ("ID")
  USING INDEX PCTFREE 10 INITRANS 2 MAXTRANS 255 COMPUTE STATISTICS 
  STORAGE(INITIAL 65536 NEXT 1048576 MINEXTENTS 1 MAXEXTENTS 2147483645
  PCTINCREASE 0 FREELISTS 1 FREELIST GROUPS 1 BUFFER_POOL DEFAULT)
  TABLESPACE "SYSTEM"  ENABLE;
--------------------------------------------------------
--  Constraints for Table STATE
--------------------------------------------------------

  ALTER TABLE "PVMS_SCHEMA"."STATE" MODIFY ("ID" NOT NULL ENABLE);
 
  ALTER TABLE "PVMS_SCHEMA"."STATE" MODIFY ("NAME" NOT NULL ENABLE);
 
  ALTER TABLE "PVMS_SCHEMA"."STATE" MODIFY ("COUNTRY_ID" NOT NULL ENABLE);
 
  ALTER TABLE "PVMS_SCHEMA"."STATE" ADD PRIMARY KEY ("ID")
  USING INDEX PCTFREE 10 INITRANS 2 MAXTRANS 255 COMPUTE STATISTICS 
  STORAGE(INITIAL 65536 NEXT 1048576 MINEXTENTS 1 MAXEXTENTS 2147483645
  PCTINCREASE 0 FREELISTS 1 FREELIST GROUPS 1 BUFFER_POOL DEFAULT)
  TABLESPACE "SYSTEM"  ENABLE;
--------------------------------------------------------
--  Constraints for Table QUES_ANS
--------------------------------------------------------

  ALTER TABLE "PVMS_SCHEMA"."QUES_ANS" MODIFY ("USERNAME" NOT NULL ENABLE);
 
  ALTER TABLE "PVMS_SCHEMA"."QUES_ANS" MODIFY ("HINT_QUES" NOT NULL ENABLE);
 
  ALTER TABLE "PVMS_SCHEMA"."QUES_ANS" MODIFY ("HINT_ANS" NOT NULL ENABLE);
--------------------------------------------------------
--  Constraints for Table REGISTRATION
--------------------------------------------------------

  ALTER TABLE "PVMS_SCHEMA"."REGISTRATION" MODIFY ("USERNAME" NOT NULL ENABLE);
 
  ALTER TABLE "PVMS_SCHEMA"."REGISTRATION" MODIFY ("FIRST_NAME" NOT NULL ENABLE);
 
  ALTER TABLE "PVMS_SCHEMA"."REGISTRATION" MODIFY ("LAST_NAME" NOT NULL ENABLE);
 
  ALTER TABLE "PVMS_SCHEMA"."REGISTRATION" MODIFY ("DOB" NOT NULL ENABLE);
 
  ALTER TABLE "PVMS_SCHEMA"."REGISTRATION" MODIFY ("ADDR" NOT NULL ENABLE);
 
  ALTER TABLE "PVMS_SCHEMA"."REGISTRATION" MODIFY ("CONTACT_NO" NOT NULL ENABLE);
 
  ALTER TABLE "PVMS_SCHEMA"."REGISTRATION" MODIFY ("EMAIL" NOT NULL ENABLE);
 
  ALTER TABLE "PVMS_SCHEMA"."REGISTRATION" MODIFY ("QUALIFICATION" NOT NULL ENABLE);
 
  ALTER TABLE "PVMS_SCHEMA"."REGISTRATION" MODIFY ("OCCUPATION" NOT NULL ENABLE);
 
  ALTER TABLE "PVMS_SCHEMA"."REGISTRATION" MODIFY ("GENDER" NOT NULL ENABLE);
 
  ALTER TABLE "PVMS_SCHEMA"."REGISTRATION" ADD PRIMARY KEY ("USERNAME")
  USING INDEX PCTFREE 10 INITRANS 2 MAXTRANS 255 COMPUTE STATISTICS 
  STORAGE(INITIAL 65536 NEXT 1048576 MINEXTENTS 1 MAXEXTENTS 2147483645
  PCTINCREASE 0 FREELISTS 1 FREELIST GROUPS 1 BUFFER_POOL DEFAULT)
  TABLESPACE "SYSTEM"  ENABLE;
--------------------------------------------------------
--  Constraints for Table TRANSACTION
--------------------------------------------------------

  ALTER TABLE "PVMS_SCHEMA"."TRANSACTION" MODIFY ("ID" NOT NULL ENABLE);
 
  ALTER TABLE "PVMS_SCHEMA"."TRANSACTION" MODIFY ("AMOUNT" NOT NULL ENABLE);
 
  ALTER TABLE "PVMS_SCHEMA"."TRANSACTION" ADD PRIMARY KEY ("ID")
  USING INDEX PCTFREE 10 INITRANS 2 MAXTRANS 255 COMPUTE STATISTICS 
  STORAGE(INITIAL 65536 NEXT 1048576 MINEXTENTS 1 MAXEXTENTS 2147483645
  PCTINCREASE 0 FREELISTS 1 FREELIST GROUPS 1 BUFFER_POOL DEFAULT)
  TABLESPACE "SYSTEM"  ENABLE;
 
  ALTER TABLE "PVMS_SCHEMA"."TRANSACTION" MODIFY ("TYPE" NOT NULL ENABLE);
 
  ALTER TABLE "PVMS_SCHEMA"."TRANSACTION" MODIFY ("USERNAME" NOT NULL ENABLE);
--------------------------------------------------------
--  Constraints for Table PASSPORT_DETAILS
--------------------------------------------------------

  ALTER TABLE "PVMS_SCHEMA"."PASSPORT_DETAILS" MODIFY ("PID" NOT NULL ENABLE);
 
  ALTER TABLE "PVMS_SCHEMA"."PASSPORT_DETAILS" MODIFY ("COUNTRY" NOT NULL ENABLE);
 
  ALTER TABLE "PVMS_SCHEMA"."PASSPORT_DETAILS" MODIFY ("STATE" NOT NULL ENABLE);
 
  ALTER TABLE "PVMS_SCHEMA"."PASSPORT_DETAILS" MODIFY ("CITY" NOT NULL ENABLE);
 
  ALTER TABLE "PVMS_SCHEMA"."PASSPORT_DETAILS" MODIFY ("PIN" NOT NULL ENABLE);
 
  ALTER TABLE "PVMS_SCHEMA"."PASSPORT_DETAILS" MODIFY ("SERVICE_TYPE" NOT NULL ENABLE);
 
  ALTER TABLE "PVMS_SCHEMA"."PASSPORT_DETAILS" MODIFY ("BOOKLET_TYPE" NOT NULL ENABLE);
 
  ALTER TABLE "PVMS_SCHEMA"."PASSPORT_DETAILS" MODIFY ("USERNAME" NOT NULL ENABLE);
 
  ALTER TABLE "PVMS_SCHEMA"."PASSPORT_DETAILS" MODIFY ("ISSUE_DATE" NOT NULL ENABLE);
 
  ALTER TABLE "PVMS_SCHEMA"."PASSPORT_DETAILS" MODIFY ("STATUS" NOT NULL ENABLE);
 
  ALTER TABLE "PVMS_SCHEMA"."PASSPORT_DETAILS" ADD PRIMARY KEY ("PID")
  USING INDEX PCTFREE 10 INITRANS 2 MAXTRANS 255 COMPUTE STATISTICS 
  STORAGE(INITIAL 65536 NEXT 1048576 MINEXTENTS 1 MAXEXTENTS 2147483645
  PCTINCREASE 0 FREELISTS 1 FREELIST GROUPS 1 BUFFER_POOL DEFAULT)
  TABLESPACE "SYSTEM"  ENABLE;
--------------------------------------------------------
--  Constraints for Table LOGIN
--------------------------------------------------------

  ALTER TABLE "PVMS_SCHEMA"."LOGIN" MODIFY ("USERNAME" NOT NULL ENABLE);
 
  ALTER TABLE "PVMS_SCHEMA"."LOGIN" MODIFY ("PASSWORD" NOT NULL ENABLE);
 
  ALTER TABLE "PVMS_SCHEMA"."LOGIN" ADD PRIMARY KEY ("USERNAME")
  USING INDEX PCTFREE 10 INITRANS 2 MAXTRANS 255 COMPUTE STATISTICS 
  STORAGE(INITIAL 65536 NEXT 1048576 MINEXTENTS 1 MAXEXTENTS 2147483645
  PCTINCREASE 0 FREELISTS 1 FREELIST GROUPS 1 BUFFER_POOL DEFAULT)
  TABLESPACE "SYSTEM"  ENABLE;
--------------------------------------------------------
--  Constraints for Table COUNTRY
--------------------------------------------------------

  ALTER TABLE "PVMS_SCHEMA"."COUNTRY" MODIFY ("ID" NOT NULL ENABLE);
 
  ALTER TABLE "PVMS_SCHEMA"."COUNTRY" MODIFY ("NAME" NOT NULL ENABLE);
 
  ALTER TABLE "PVMS_SCHEMA"."COUNTRY" ADD PRIMARY KEY ("ID")
  USING INDEX PCTFREE 10 INITRANS 2 MAXTRANS 255 COMPUTE STATISTICS 
  STORAGE(INITIAL 65536 NEXT 1048576 MINEXTENTS 1 MAXEXTENTS 2147483645
  PCTINCREASE 0 FREELISTS 1 FREELIST GROUPS 1 BUFFER_POOL DEFAULT)
  TABLESPACE "SYSTEM"  ENABLE;
 
  ALTER TABLE "PVMS_SCHEMA"."COUNTRY" MODIFY ("VISA_COST" NOT NULL ENABLE);
--------------------------------------------------------
--  Constraints for Table VISA_DETAILS
--------------------------------------------------------

  ALTER TABLE "PVMS_SCHEMA"."VISA_DETAILS" MODIFY ("VID" NOT NULL ENABLE);
 
  ALTER TABLE "PVMS_SCHEMA"."VISA_DETAILS" MODIFY ("DATE_OF_ISSUE" NOT NULL ENABLE);
 
  ALTER TABLE "PVMS_SCHEMA"."VISA_DETAILS" MODIFY ("DATE_OF_EXPIRY" NOT NULL ENABLE);
 
  ALTER TABLE "PVMS_SCHEMA"."VISA_DETAILS" MODIFY ("COUNTRY" NOT NULL ENABLE);
 
  ALTER TABLE "PVMS_SCHEMA"."VISA_DETAILS" MODIFY ("VISA_TYPE" NOT NULL ENABLE);
 
  ALTER TABLE "PVMS_SCHEMA"."VISA_DETAILS" MODIFY ("PASS_ID" NOT NULL ENABLE);
 
  ALTER TABLE "PVMS_SCHEMA"."VISA_DETAILS" MODIFY ("STATUS" NOT NULL ENABLE);
 
  ALTER TABLE "PVMS_SCHEMA"."VISA_DETAILS" MODIFY ("USERNAME" NOT NULL ENABLE);
 
  ALTER TABLE "PVMS_SCHEMA"."VISA_DETAILS" ADD PRIMARY KEY ("VID")
  USING INDEX PCTFREE 10 INITRANS 2 MAXTRANS 255 COMPUTE STATISTICS 
  STORAGE(INITIAL 65536 NEXT 1048576 MINEXTENTS 1 MAXEXTENTS 2147483645
  PCTINCREASE 0 FREELISTS 1 FREELIST GROUPS 1 BUFFER_POOL DEFAULT)
  TABLESPACE "SYSTEM"  ENABLE;
--------------------------------------------------------
--  Ref Constraints for Table CITY
--------------------------------------------------------

  ALTER TABLE "PVMS_SCHEMA"."CITY" ADD CONSTRAINT "CITY_IBFK_1" FOREIGN KEY ("STATE_ID")
	  REFERENCES "PVMS_SCHEMA"."STATE" ("ID") ENABLE;
--------------------------------------------------------
--  Ref Constraints for Table PASSPORT_DETAILS
--------------------------------------------------------

  ALTER TABLE "PVMS_SCHEMA"."PASSPORT_DETAILS" ADD CONSTRAINT "A" FOREIGN KEY ("PSK")
	  REFERENCES "PVMS_SCHEMA"."PSK" ("ID") ENABLE;
 
  ALTER TABLE "PVMS_SCHEMA"."PASSPORT_DETAILS" ADD CONSTRAINT "CTRY" FOREIGN KEY ("COUNTRY")
	  REFERENCES "PVMS_SCHEMA"."COUNTRY" ("ID") ENABLE;
 
  ALTER TABLE "PVMS_SCHEMA"."PASSPORT_DETAILS" ADD CONSTRAINT "CTY" FOREIGN KEY ("CITY")
	  REFERENCES "PVMS_SCHEMA"."CITY" ("ID") ENABLE;
 
  ALTER TABLE "PVMS_SCHEMA"."PASSPORT_DETAILS" ADD CONSTRAINT "ST" FOREIGN KEY ("STATE")
	  REFERENCES "PVMS_SCHEMA"."STATE" ("ID") ENABLE;
 
  ALTER TABLE "PVMS_SCHEMA"."PASSPORT_DETAILS" ADD CONSTRAINT "TXN" FOREIGN KEY ("TXN_ID")
	  REFERENCES "PVMS_SCHEMA"."TRANSACTION" ("ID") ENABLE;
 
  ALTER TABLE "PVMS_SCHEMA"."PASSPORT_DETAILS" ADD CONSTRAINT "UD" FOREIGN KEY ("USERNAME")
	  REFERENCES "PVMS_SCHEMA"."REGISTRATION" ("USERNAME") ENABLE;
--------------------------------------------------------
--  Ref Constraints for Table PSK
--------------------------------------------------------

  ALTER TABLE "PVMS_SCHEMA"."PSK" ADD FOREIGN KEY ("CITY_ID")
	  REFERENCES "PVMS_SCHEMA"."CITY" ("ID") ENABLE;
--------------------------------------------------------
--  Ref Constraints for Table QUES_ANS
--------------------------------------------------------

  ALTER TABLE "PVMS_SCHEMA"."QUES_ANS" ADD CONSTRAINT "QUES_ANS_IBFK_1" FOREIGN KEY ("USERNAME")
	  REFERENCES "PVMS_SCHEMA"."REGISTRATION" ("USERNAME") ENABLE;
--------------------------------------------------------
--  Ref Constraints for Table STATE
--------------------------------------------------------

  ALTER TABLE "PVMS_SCHEMA"."STATE" ADD CONSTRAINT "STATE_IBFK_1" FOREIGN KEY ("COUNTRY_ID")
	  REFERENCES "PVMS_SCHEMA"."COUNTRY" ("ID") ENABLE;
--------------------------------------------------------
--  Ref Constraints for Table TRANSACTION
--------------------------------------------------------

  ALTER TABLE "PVMS_SCHEMA"."TRANSACTION" ADD CONSTRAINT "U" FOREIGN KEY ("USERNAME")
	  REFERENCES "PVMS_SCHEMA"."REGISTRATION" ("USERNAME") ENABLE;
--------------------------------------------------------
--  Ref Constraints for Table VISA_DETAILS
--------------------------------------------------------

  ALTER TABLE "PVMS_SCHEMA"."VISA_DETAILS" ADD CONSTRAINT "TXN_VISA" FOREIGN KEY ("TXN_ID")
	  REFERENCES "PVMS_SCHEMA"."TRANSACTION" ("ID") ENABLE;
 
  ALTER TABLE "PVMS_SCHEMA"."VISA_DETAILS" ADD CONSTRAINT "VISA_DETAILS_IBFK_1" FOREIGN KEY ("COUNTRY")
	  REFERENCES "PVMS_SCHEMA"."COUNTRY" ("ID") ENABLE;
 
  ALTER TABLE "PVMS_SCHEMA"."VISA_DETAILS" ADD CONSTRAINT "VISA_DETAILS_IBFK_2" FOREIGN KEY ("PASS_ID")
	  REFERENCES "PVMS_SCHEMA"."PASSPORT_DETAILS" ("PID") ENABLE;
 
  ALTER TABLE "PVMS_SCHEMA"."VISA_DETAILS" ADD CONSTRAINT "VISA_DETAILS_IBFK_3" FOREIGN KEY ("USERNAME")
	  REFERENCES "PVMS_SCHEMA"."REGISTRATION" ("USERNAME") ENABLE;
